{
  "acid": {
    "words": [
      "acid"
    ],
    "ascii": "⊂(◉‿◉)つ"
  },
  "afraid": {
    "words": [
      "afraid"
    ],
    "ascii": "(ㆆ _ ㆆ)"
  },
  "alpha": {
    "words": [
      "alpha"
    ],
    "ascii": "α"
  },
  "angel": {
    "words": [
      "angel"
    ],
    "ascii": "☜(⌒▽⌒)☞"
  },
  "angry": {
    "words": [
      "angry"
    ],
    "ascii": "•`_´•"
  },
  "arrowhead": {
    "words": [
      "arrowhead"
    ],
    "ascii": "⤜(ⱺ ʖ̯ⱺ)⤏"
  },
  "apple": {
    "words": [
      "apple"
    ],
    "ascii": ""
  },
  "ass": {
    "words": [
      "ass",
      "butt"
    ],
    "ascii": "(‿|‿)"
  },
  "awkward": {
    "words": [
      "awkward"
    ],
    "ascii": "•͡˘㇁•͡˘"
  },
  "bat": {
    "words": [
      "bat"
    ],
    "ascii": "/|\\ ^._.^ /|\\"
  },
  "bear": {
    "words": [
      "bear",
      "koala"
    ],
    "ascii": "ʕ·͡ᴥ·ʔ﻿"
  },
  "bearflip": {
    "words": [
      "bearflip"
    ],
    "ascii": "ʕノ•ᴥ•ʔノ ︵ ┻━┻"
  },
  "bearhug": {
    "words": [
      "bearhug"
    ],
    "ascii": "ʕっ•ᴥ•ʔっ"
  },
  "because": {
    "words": [
      "because",
      "since"
    ],
    "ascii": "∵"
  },
  "beta": {
    "words": [
      "beta"
    ],
    "ascii": "β"
  },
  "bigheart": {
    "words": [
      "bigheart"
    ],
    "ascii": "❤"
  },
  "blackeye": {
    "words": [
      "blackeye"
    ],
    "ascii": "0__#"
  },
  "blubby": {
    "words": [
      "blubby"
    ],
    "ascii": "(      0    _   0    )"
  },
  "blush": {
    "words": [
      "blush"
    ],
    "ascii": "(˵ ͡° ͜ʖ ͡°˵)"
  },
  "bond": {
    "words": [
      "bond",
      "007"
    ],
    "ascii": "┌( ͝° ͜ʖ͡°)=ε/̵͇̿̿/’̿’̿ ̿"
  },
  "boobs": {
    "words": [
      "boobs"
    ],
    "ascii": "( . Y . )"
  },
  "bored": {
    "words": [
      "bored"
    ],
    "ascii": "(-_-)"
  },
  "bribe": {
    "words": [
      "bribe"
    ],
    "ascii": "( •͡˘ _•͡˘)ノð"
  },
  "bubbles": {
    "words": [
      "bubbles"
    ],
    "ascii": "( ˘ ³˘)ノ°ﾟº❍｡"
  },
  "butterfly": {
    "words": [
      "butterfly"
    ],
    "ascii": "ƸӜƷ"
  },
  "cat": {
    "words": [
      "cat"
    ],
    "ascii": "(= ФェФ=)"
  },
  "catlenny": {
    "words": [
      "catlenny"
    ],
    "ascii": "( ͡° ᴥ ͡°)﻿"
  },
  "checkmark": {
    "words": [
      "check"
    ],
    "ascii": "✔"
  },
  "cheer": {
    "words": [
      "cheer"
    ],
    "ascii": "※\\(^o^)/※"
  },
  "chubby": {
    "words": [
      "chubby"
    ],
    "ascii": "╭(ʘ̆~◞౪◟~ʘ̆)╮"
  },
  "claro": {
    "words": [
      "claro"
    ],
    "ascii": "(͡ ° ͜ʖ ͡ °)"
  },
  "clique": {
    "words": [
      "clique",
      "gang",
      "squad"
    ],
    "ascii": "ヽ༼ ຈل͜ຈ༼ ▀̿̿Ĺ̯̿̿▀̿ ̿༽Ɵ͆ل͜Ɵ͆ ༽ﾉ"
  },
  "cloud": {
    "words": [
      "cloud"
    ],
    "ascii": "☁"
  },
  "club": {
    "words": [
      "club"
    ],
    "ascii": "♣"
  },
  "coffee": {
    "words": [
      "coffee",
      "cuppa"
    ],
    "ascii": "c[_]"
  },
  "command": {
    "words": [
      "cmd",
      "command"
    ],
    "ascii": "⌘"
  },
  "cool": {
    "words": [
      "cool",
      "csi"
    ],
    "ascii": "(•_•) ( •_•)>⌐■-■ (⌐■_■)"
  },
  "copyright": {
    "words": [
      "copy",
      "c"
    ],
    "ascii": "©"
  },
  "creep": {
    "words": [
      "creep"
    ],
    "ascii": "ԅ(≖‿≖ԅ)"
  },
  "creepcute": {
    "words": [
      "creepcute"
    ],
    "ascii": "ƪ(ړײ)‎ƪ​​"
  },
  "crim3s": {
    "words": [
      "crim3s"
    ],
    "ascii": "( ✜︵✜ )"
  },
  "cross": {
    "words": [
      "cross"
    ],
    "ascii": "†"
  },
  "cry": {
    "words": [
      "cry"
    ],
    "ascii": "(╥﹏╥)"
  },
  "crywave": {
    "words": [
      "crywave"
    ],
    "ascii": "( ╥﹏╥) ノシ"
  },
  "cute": {
    "words": [
      "cute"
    ],
    "ascii": "(｡◕‿‿◕｡)"
  },
  "d1": {
    "words": [
      "d1"
    ],
    "ascii": "⚀"
  },
  "d2": {
    "words": [
      "d2"
    ],
    "ascii": "⚁"
  },
  "d3": {
    "words": [
      "d3"
    ],
    "ascii": "⚂"
  },
  "d4": {
    "words": [
      "d4"
    ],
    "ascii": "⚃"
  },
  "d5": {
    "words": [
      "d5"
    ],
    "ascii": "⚄"
  },
  "d6": {
    "words": [
      "d6"
    ],
    "ascii": "⚅"
  },
  "dab": {
    "words": [
      "dab"
    ],
    "ascii": "ヽ( •_)ᕗ"
  },
  "damnyou": {
    "words": [
      "damnyou"
    ],
    "ascii": "(ᕗ ͠° ਊ ͠° )ᕗ"
  },
  "dance": {
    "words": [
      "dance"
    ],
    "ascii": "ᕕ(⌐■_■)ᕗ ♪♬"
  },
  "dead": {
    "words": [
      "dead"
    ],
    "ascii": "x⸑x"
  },
  "dealwithit": {
    "words": [
      "dealwithit",
      "dwi"
    ],
    "ascii": "(⌐■_■)"
  },
  "delta": {
    "words": [
      "delta"
    ],
    "ascii": "Δ"
  },
  "depressed": {
    "words": [
      "depressed"
    ],
    "ascii": "(︶︹︶)"
  },
  "derp": {
    "words": [
      "derp"
    ],
    "ascii": "☉ ‿ ⚆"
  },
  "diamond": {
    "words": [
      "diamond"
    ],
    "ascii": "♦"
  },
  "dj": {
    "words": [
      "dj"
    ],
    "ascii": "d[-_-]b"
  },
  "dog": {
    "words": [
      "dog"
    ],
    "ascii": "(◕ᴥ◕ʋ)"
  },
  "dong": {
    "words": [
      "dong"
    ],
    "ascii": "(̿▀̿ ̿Ĺ̯̿̿▀̿ ̿)̄"
  },
  "donger": {
    "words": [
      "donger"
    ],
    "ascii": "ヽ༼ຈل͜ຈ༽ﾉ"
  },
  "dontcare": {
    "words": [
      "dontcare",
      "idc"
    ],
    "ascii": "(- ʖ̯-)"
  },
  "donotwant": {
    "words": [
      "do not want",
      "dontwant"
    ],
    "ascii": "ヽ(｀Д´)ﾉ"
  },
  "dope": {
    "words": [
      "dope"
    ],
    "ascii": "<(^_^)>"
  },
  "doublequotesleft": {
    "words": [
      "<<"
    ],
    "ascii": "«"
  },
  "doublequotesright": {
    "words": [
      ">>"
    ],
    "ascii": "»"
  },
  "doubleflat": {
    "words": [
      "doubleflat"
    ],
    "ascii": "𝄫"
  },
  "doublesharp": {
    "words": [
      "doublesharp"
    ],
    "ascii": "𝄪"
  },
  "doubletableflip": {
    "words": [
      "doubletableflip"
    ],
    "ascii": "┻━┻ ︵ヽ(`Д´)ﾉ︵ ┻━┻"
  },
  "down": {
    "words": [
      "down"
    ],
    "ascii": "↓"
  },
  "duckface": {
    "words": [
      "duckface"
    ],
    "ascii": "(・3・)"
  },
  "duel": {
    "words": [
      "duel"
    ],
    "ascii": "ᕕ(╭ರ╭ ͟ʖ╮•́)⊃¤=(————-"
  },
  "duh": {
    "words": [
      "duh"
    ],
    "ascii": "(≧︿≦)"
  },
  "dunnolol": {
    "words": [
      "dunno"
    ],
    "ascii": "¯\\(°_o)/¯"
  },
  "ebola": {
    "words": [
      "ebola"
    ],
    "ascii": "ᴇʙᴏʟᴀ"
  },
  "eeriemob": {
    "words": [
      "eeriemob"
    ],
    "ascii": "(-(-_-(-_(-_(-_-)_-)-_-)_-)_-)-)"
  },
  "ellipsis": {
    "words": [
      "ellipsis",
      "..."
    ],
    "ascii": "…"
  },
  "emdash": {
    "words": [
      "emdash",
      "--"
    ],
    "ascii": "–"
  },
  "emptystar": {
    "words": [
      "emptystar"
    ],
    "ascii": "☆"
  },
  "emptytriangle": {
    "words": [
      "emptytriangle",
      "t2"
    ],
    "ascii": "△"
  },
  "endure": {
    "words": [
      "endure"
    ],
    "ascii": "(҂◡_◡) ᕤ"
  },
  "envelope": {
    "words": [
      "envelope",
      "letter"
    ],
    "ascii": "✉︎"
  },
  "epsilon": {
    "words": [
      "epsilon"
    ],
    "ascii": "ɛ"
  },
  "euro": {
    "words": [
      "euro"
    ],
    "ascii": "€"
  },
  "evil": {
    "words": [
      "evil"
    ],
    "ascii": "ψ(｀∇´)ψ"
  },
  "evillenny": {
    "words": [
      "evillenny"
    ],
    "ascii": "(͠≖ ͜ʖ͠≖)"
  },
  "excited": {
    "words": [
      "excited"
    ],
    "ascii": "(ﾉ◕ヮ◕)ﾉ*:・ﾟ✧"
  },
  "execution": {
    "words": [
      "execution"
    ],
    "ascii": "(⌐■_■)︻╦╤─   (╥﹏╥)"
  },
  "facebook": {
    "words": [
      "facebook"
    ],
    "ascii": "(╯°□°)╯︵ ʞooqǝɔɐɟ"
  },
  "facepalm": {
    "words": [
      "facepalm"
    ],
    "ascii": "(－‸ლ)"
  },
  "fart": {
    "words": [
      "fart"
    ],
    "ascii": "(ˆ⺫ˆ๑)<3"
  },
  "fight": {
    "words": [
      "fight"
    ],
    "ascii": "(ง •̀_•́)ง"
  },
  "finn": {
    "words": [
      "finn"
    ],
    "ascii": "| (• ◡•)|"
  },
  "fish": {
    "words": [
      "fish"
    ],
    "ascii": "<\"(((<3"
  },
  "five": {
    "words": [
      "5",
      "five"
    ],
    "ascii": "卌"
  },
  "fiveeights": {
    "words": [
      "5/8"
    ],
    "ascii": "⅝"
  },
  "flat": {
    "words": [
      "flat",
      "bemolle"
    ],
    "ascii": "♭"
  },
  "flexing": {
    "words": [
      "flexing"
    ],
    "ascii": "ᕙ(`▽´)ᕗ"
  },
  "flipped": {
    "words": [
      "flipped",
      "heavytable"
    ],
    "ascii": "┬─┬﻿ ︵ /(.□. \\）"
  },
  "flower": {
    "words": [
      "flower",
      "flor"
    ],
    "ascii": "(✿◠‿◠)"
  },
  "flower2": {
    "words": [
      "f"
    ],
    "ascii": "✿"
  },
  "fly": {
    "words": [
      "fly"
    ],
    "ascii": "─=≡Σ((( つ◕ل͜◕)つ"
  },
  "friendflip": {
    "words": [
      "friendflip"
    ],
    "ascii": "(╯°□°)╯︵ ┻━┻ ︵ ╯(°□° ╯)"
  },
  "frown": {
    "words": [
      "frown"
    ],
    "ascii": "(ღ˘⌣˘ღ)"
  },
  "fuckoff": {
    "words": [
      "fuckoff",
      "gtfo"
    ],
    "ascii": "୧༼ಠ益ಠ╭∩╮༽"
  },
  "fuckyou": {
    "words": [
      "fuckyou",
      "fu"
    ],
    "ascii": "┌П┐(ಠ_ಠ)"
  },
  "gentleman": {
    "words": [
      "gentleman",
      "sir",
      "monocle"
    ],
    "ascii": "ಠ_ರೃ"
  },
  "ghast": {
    "words": [
      "ghast"
    ],
    "ascii": "= _ ="
  },
  "ghost": {
    "words": [
      "ghost"
    ],
    "ascii": "༼ つ ╹ ╹ ༽つ"
  },
  "gift": {
    "words": [
      "gift",
      "present"
    ],
    "ascii": "(´・ω・)っ由"
  },
  "gimme": {
    "words": [
      "gimme"
    ],
    "ascii": "༼ つ ◕_◕ ༽つ"
  },
  "givemeyourmoney": {
    "words": [
      "givemeyourmoney"
    ],
    "ascii": "(•-•)⌐"
  },
  "glitterbomb": {
    "words": [
      "glitter"
    ],
    "ascii": "(*・‿・)ノ⌒*:･ﾟ✧"
  },
  "glasses": {
    "words": [
      "glasses"
    ],
    "ascii": "(⌐ ͡■ ͜ʖ ͡■)"
  },
  "glassesoff": {
    "words": [
      "glassesoff"
    ],
    "ascii": "( ͡° ͜ʖ ͡°)ﾉ⌐■-■"
  },
  "glitterderp": {
    "words": [
      "glitterderp"
    ],
    "ascii": "(ﾉ☉ヮ⚆)ﾉ ⌒*:･ﾟ✧"
  },
  "gloomy": {
    "words": [
      "gloomy"
    ],
    "ascii": "(_゜_゜_)"
  },
  "goatse": {
    "words": [
      "goatse"
    ],
    "ascii": "(з๏ε)"
  },
  "gotit": {
    "words": [
      "gotit"
    ],
    "ascii": "(☞ﾟ∀ﾟ)☞"
  },
  "greet": {
    "words": [
      "greet",
      "greetings"
    ],
    "ascii": "( ´◔ ω◔`) ノシ"
  },
  "gun": {
    "words": [
      "gun",
      "mg"
    ],
    "ascii": "︻╦╤─"
  },
  "hadouken": {
    "words": [
      "hadouken"
    ],
    "ascii": "༼つಠ益ಠ༽つ ─=≡ΣO))"
  },
  "hammerandsickle": {
    "words": [
      "hammerandsickle",
      "hs"
    ],
    "ascii": "☭"
  },
  "handleft": {
    "words": [
      "handleft",
      "hl"
    ],
    "ascii": "☜"
  },
  "handright": {
    "words": [
      "handright",
      "hr"
    ],
    "ascii": "☞"
  },
  "haha": {
    "words": [
      "haha"
    ],
    "ascii": "٩(^‿^)۶"
  },
  "happy": {
    "words": [
      "happy"
    ],
    "ascii": "٩( ๑╹ ꇴ╹)۶"
  },
  "happygarry": {
    "words": [
      "happygarry"
    ],
    "ascii": "ᕕ( ᐛ )ᕗ"
  },
  "heart": {
    "words": [
      "h",
      "heart"
    ],
    "ascii": "♥"
  },
  "hello": {
    "words": [
      "hello",
      "ohai",
      "bye"
    ],
    "ascii": "(ʘ‿ʘ)╯"
  },
  "help": {
    "words": [
      "help"
    ],
    "ascii": "\\(°Ω°)/"
  },
  "highfive": {
    "words": [
      "highfive"
    ],
    "ascii": "._.)/\\(._."
  },
  "hitting": {
    "words": [
      "hitting"
    ],
    "ascii": "( ｀皿´)｡ﾐ/"
  },
  "hugs": {
    "words": [
      "hug",
      "hugs"
    ],
    "ascii": "(づ｡◕‿‿◕｡)づ"
  },
  "iknowright": {
    "words": [
      "iknowright",
      "ikr"
    ],
    "ascii": "┐｜･ิω･ิ#｜┌"
  },
  "illuminati": {
    "words": [
      "illuminati"
    ],
    "ascii": "୧(▲ᴗ▲)ノ"
  },
  "infinity": {
    "words": [
      "infinity",
      "inf"
    ],
    "ascii": "∞"
  },
  "inlove": {
    "words": [
      "inlove"
    ],
    "ascii": "(っ´ω`c)♡"
  },
  "integral": {
    "words": [
      "int"
    ],
    "ascii": "∫"
  },
  "internet": {
    "words": [
      "internet"
    ],
    "ascii": "ଘ(੭*ˊᵕˋ)੭* ̀ˋ ɪɴᴛᴇʀɴᴇᴛ"
  },
  "interrobang": {
    "words": [
      "interrobang"
    ],
    "ascii": "‽"
  },
  "jake": {
    "words": [
      "jake"
    ],
    "ascii": "(❍ᴥ❍ʋ)"
  },
  "kappa": {
    "words": [
      "kappa"
    ],
    "ascii": "(¬,‿,¬)"
  },
  "kawaii": {
    "words": [
      "kawaii"
    ],
    "ascii": "≧◡≦"
  },
  "keen": {
    "words": [
      "keen"
    ],
    "ascii": "┬┴┬┴┤Ɵ͆ل͜Ɵ͆ ༽ﾉ"
  },
  "kiahh": {
    "words": [
      "kiahh"
    ],
    "ascii": "~\\(≧▽≦)/~"
  },
  "kiss": {
    "words": [
      "kiss"
    ],
    "ascii": "(づ ￣ ³￣)づ"
  },
  "kyubey": {
    "words": [
      "kyubey"
    ],
    "ascii": "／人◕ ‿‿ ◕人＼"
  },
  "lambda": {
    "words": [
      "lambda"
    ],
    "ascii": "λ"
  },
  "lazy": {
    "words": [
      "lazy"
    ],
    "ascii": "_(:3」∠)_"
  },
  "left": {
    "words": [
      "left",
      "<-"
    ],
    "ascii": "←"
  },
  "lenny": {
    "words": [
      "lenny"
    ],
    "ascii": "( ͡° ͜ʖ ͡°)"
  },
  "lennybill": {
    "words": [
      "lennybill"
    ],
    "ascii": "[̲̅$̲̅(̲̅ ͡° ͜ʖ ͡°̲̅)̲̅$̲̅]"
  },
  "lennyfight": {
    "words": [
      "lennyfight"
    ],
    "ascii": "(ง ͠° ͟ʖ ͡°)ง"
  },
  "lennyflip": {
    "words": [
      "lennyflip"
    ],
    "ascii": "(ノ ͡° ͜ʖ ͡°ノ)   ︵ ( ͜。 ͡ʖ ͜。)"
  },
  "lennygang": {
    "words": [
      "lennygang"
    ],
    "ascii": "( ͡°( ͡° ͜ʖ( ͡° ͜ʖ ͡°)ʖ ͡°) ͡°)"
  },
  "lennyshrug": {
    "words": [
      "lennyshrug"
    ],
    "ascii": "¯\\_( ͡° ͜ʖ ͡°)_/¯"
  },
  "lennysir": {
    "words": [
      "lennysir"
    ],
    "ascii": "( ಠ ͜ʖ ರೃ)"
  },
  "lennystalker": {
    "words": [
      "lennystalker"
    ],
    "ascii": "┬┴┬┴┤( ͡° ͜ʖ├┬┴┬┴"
  },
  "lennystrong": {
    "words": [
      "lennystrong"
    ],
    "ascii": "ᕦ( ͡° ͜ʖ ͡°)ᕤ"
  },
  "lennywizard": {
    "words": [
      "lennywizard"
    ],
    "ascii": "╰( ͡° ͜ʖ ͡° )つ──☆*:・ﾟ"
  },
  "lol": {
    "words": [
      "lol"
    ],
    "ascii": "L(° O °L)"
  },
  "look": {
    "words": [
      "look"
    ],
    "ascii": "(ಡ_ಡ)☞"
  },
  "loud": {
    "words": [
      "loud",
      "noise"
    ],
    "ascii": "ᕦ(⩾﹏⩽)ᕥ"
  },
  "love": {
    "words": [
      "love"
    ],
    "ascii": "♥‿♥"
  },
  "lovebear": {
    "words": [
      "lovebear"
    ],
    "ascii": "ʕ♥ᴥ♥ʔ"
  },
  "lumpy": {
    "words": [
      "lumpy"
    ],
    "ascii": "꒰ ꒡⌓꒡꒱"
  },
  "luv": {
    "words": [
      "luv"
    ],
    "ascii": "-`ღ´-"
  },
  "magic": {
    "words": [
      "magic"
    ],
    "ascii": "ヽ(｀Д´)⊃━☆ﾟ. * ･ ｡ﾟ,"
  },
  "magicflip": {
    "words": [
      "magicflip"
    ],
    "ascii": "(/¯◡ ‿ ◡)/¯ ~ ┻━┻"
  },
  "meep": {
    "words": [
      "meep"
    ],
    "ascii": "\\(°^°)/"
  },
  "meh": {
    "words": [
      "meh"
    ],
    "ascii": "ಠ_ಠ"
  },
  "metal": {
    "words": [
      "metal",
      "rock"
    ],
    "ascii": "\\m/,(> . <)_\\m/"
  },
  "mistyeyes": {
    "words": [
      "mistyeyes"
    ],
    "ascii": "ಡ_ಡ"
  },
  "monster": {
    "words": [
      "monster"
    ],
    "ascii": "༼ ༎ຶ ෴ ༎ຶ༽"
  },
  "natural": {
    "words": [
      "natural"
    ],
    "ascii": "♮"
  },
  "needle": {
    "words": [
      "needle",
      "inject"
    ],
    "ascii": "┌(◉ ͜ʖ◉)つ┣▇▇▇═──"
  },
  "nerd": {
    "words": [
      "nerd"
    ],
    "ascii": "(⌐⊙_⊙)"
  },
  "nice": {
    "words": [
      "nice"
    ],
    "ascii": "( ͡° ͜ °)"
  },
  "no": {
    "words": [
      "no"
    ],
    "ascii": "→_←"
  },
  "noclue": {
    "words": [
      "noclue"
    ],
    "ascii": "／人◕ __ ◕人＼"
  },
  "nom": {
    "words": [
      "nom",
      "yummy",
      "delicious"
    ],
    "ascii": "(っˆڡˆς)"
  },
  "note": {
    "words": [
      "note",
      "sing"
    ],
    "ascii": "♫"
  },
  "nuclear": {
    "words": [
      "nuclear",
      "radioactive",
      "nukular"
    ],
    "ascii": "☢"
  },
  "nyan": {
    "words": [
      "nyan"
    ],
    "ascii": "~=[,,_,,]:3"
  },
  "nyeh": {
    "words": [
      "nyeh"
    ],
    "ascii": "@^@"
  },
  "ohshit": {
    "words": [
      "ohshit"
    ],
    "ascii": "( º﹃º )"
  },
  "omega": {
    "words": [
      "omega"
    ],
    "ascii": "Ω"
  },
  "omg": {
    "words": [
      "omg"
    ],
    "ascii": "◕_◕"
  },
  "oneeighth": {
    "words": [
      "1/8"
    ],
    "ascii": "⅛"
  },
  "onefourth": {
    "words": [
      "1/4"
    ],
    "ascii": "¼"
  },
  "onehalf": {
    "words": [
      "1/2"
    ],
    "ascii": "½"
  },
  "onethird": {
    "words": [
      "1/3"
    ],
    "ascii": "⅓"
  },
  "option": {
    "words": [
      "opt",
      "option"
    ],
    "ascii": "⌥"
  },
  "ohreally": {
    "words": [
      "orly"
    ],
    "ascii": "(눈_눈)"
  },
  "ohyou": {
    "words": [
      "ohyou",
      "ou"
    ],
    "ascii": "(◞థ౪థ)ᴖ"
  },
  "peace": {
    "words": [
      "peace",
      "victory"
    ],
    "ascii": "✌(-‿-)✌"
  },
  "pear": {
    "words": [
      "pear"
    ],
    "ascii": "(__>-"
  },
  "pi": {
    "words": [
      "pi"
    ],
    "ascii": "π"
  },
  "pingpong": {
    "words": [
      "pingpong"
    ],
    "ascii": "( •_•)O*¯`·.¸.·´¯`°Q(•_• )"
  },
  "plain": {
    "words": [
      "plain"
    ],
    "ascii": "._."
  },
  "pleased": {
    "words": [
      "pleased"
    ],
    "ascii": "(˶‾᷄ ⁻̫ ‾᷅˵)"
  },
  "point": {
    "words": [
      "point"
    ],
    "ascii": "(☞ﾟヮﾟ)☞"
  },
  "pooh": {
    "words": [
      "pooh"
    ],
    "ascii": "ʕ •́؈•̀)"
  },
  "porcupine": {
    "words": [
      "porcupine"
    ],
    "ascii": "(•ᴥ• )́`́'́`́'́⻍"
  },
  "pound": {
    "words": [
      "pound"
    ],
    "ascii": "£"
  },
  "praise": {
    "words": [
      "praise"
    ],
    "ascii": "(☝ ՞ਊ ՞)☝"
  },
  "punch": {
    "words": [
      "punch"
    ],
    "ascii": "O=('-'Q)"
  },
  "rage": {
    "words": [
      "rage",
      "mad"
    ],
    "ascii": "t(ಠ益ಠt)"
  },
  "rageflip": {
    "words": [
      "rageflip"
    ],
    "ascii": "(ノಠ益ಠ)ノ彡┻━┻"
  },
  "rainbowcat": {
    "words": [
      "rainbowcat"
    ],
    "ascii": "(=^･ｪ･^=))ﾉ彡☆"
  },
  "really": {
    "words": [
      "really"
    ],
    "ascii": "ò_ô"
  },
  "registered": {
    "words": [
      "r"
    ],
    "ascii": "®"
  },
  "right": {
    "words": [
      "right",
      "->"
    ],
    "ascii": "→"
  },
  "riot": {
    "words": [
      "riot"
    ],
    "ascii": "୧༼ಠ益ಠ༽୨"
  },
  "rolleyes": {
    "words": [
      "rolleyes"
    ],
    "ascii": "(◔_◔)"
  },
  "rose": {
    "words": [
      "rose"
    ],
    "ascii": "✿ڿڰۣ—"
  },
  "run": {
    "words": [
      "run"
    ],
    "ascii": "(╯°□°)╯"
  },
  "sad": {
    "words": [
      "sad"
    ],
    "ascii": "ε(´סּ︵סּ`)з"
  },
  "saddonger": {
    "words": [
      "saddonger"
    ],
    "ascii": "ヽ༼ຈʖ̯ຈ༽ﾉ"
  },
  "sadlenny": {
    "words": [
      "sadlenny"
    ],
    "ascii": "( ͡° ʖ̯ ͡°)"
  },
  "seveneigths": {
    "words": [
      "7/8"
    ],
    "ascii": "⅞"
  },
  "sharp": {
    "words": [
      "sharp",
      "diesis"
    ],
    "ascii": "♯"
  },
  "shout": {
    "words": [
      "shout"
    ],
    "ascii": "╚(•⌂•)╝"
  },
  "shrug": {
    "words": [
      "shrug"
    ],
    "ascii": "¯\\_(ツ)_/¯"
  },
  "shy": {
    "words": [
      "shy"
    ],
    "ascii": "=^_^="
  },
  "sigma": {
    "words": [
      "sigma",
      "sum"
    ],
    "ascii": "Σ"
  },
  "skull": {
    "words": [
      "skull"
    ],
    "ascii": "☠"
  },
  "smile": {
    "words": [
      "smile"
    ],
    "ascii": "ツ"
  },
  "smiley": {
    "words": [
      "smiley"
    ],
    "ascii": "☺︎"
  },
  "smirk": {
    "words": [
      "smirk"
    ],
    "ascii": "¬‿¬"
  },
  "snowman": {
    "words": [
      "snowman"
    ],
    "ascii": "☃"
  },
  "sob": {
    "words": [
      "sob"
    ],
    "ascii": "(;´༎ຶД༎ຶ`)"
  },
  "soviettableflip": {
    "words": [
      "soviettableflip"
    ],
    "ascii": "ノ┬─┬ノ ︵ ( \\o°o)\\"
  },
  "spade": {
    "words": [
      "spade"
    ],
    "ascii": "♠"
  },
  "squareroot": {
    "words": [
      "sqrt"
    ],
    "ascii": "√"
  },
  "squid": {
    "words": [
      "squid"
    ],
    "ascii": "<コ:彡"
  },
  "star": {
    "words": [
      "star"
    ],
    "ascii": "★"
  },
  "strong": {
    "words": [
      "strong"
    ],
    "ascii": "ᕙ(⇀‸↼‶)ᕗ"
  },
  "suicide": {
    "words": [
      "suicide"
    ],
    "ascii": "ε/̵͇̿̿/’̿’̿ ̿(◡︵◡)"
  },
  "sum": {
    "words": [
      "sum"
    ],
    "ascii": "∑"
  },
  "sun": {
    "words": [
      "sun"
    ],
    "ascii": "☀"
  },
  "surprised": {
    "words": [
      "surprised"
    ],
    "ascii": "(๑•́ ヮ •̀๑)"
  },
  "surrender": {
    "words": [
      "surrender"
    ],
    "ascii": "\\_(-_-)_/"
  },
  "stalker": {
    "words": [
      "stalker"
    ],
    "ascii": "┬┴┬┴┤(･_├┬┴┬┴"
  },
  "swag": {
    "words": [
      "swag"
    ],
    "ascii": "(̿▀̿‿ ̿▀̿ ̿)"
  },
  "sword": {
    "words": [
      "sword"
    ],
    "ascii": "o()xxxx[{::::::::::::::::::>"
  },
  "tabledown": {
    "words": [
      "tabledown"
    ],
    "ascii": "┬─┬﻿ ノ( ゜-゜ノ)"
  },
  "tableflip": {
    "words": [
      "tableflip"
    ],
    "ascii": "(ノ ゜Д゜)ノ ︵ ┻━┻"
  },
  "tau": {
    "words": [
      "tau"
    ],
    "ascii": "τ"
  },
  "tears": {
    "words": [
      "tears"
    ],
    "ascii": "(ಥ﹏ಥ)"
  },
  "terrorist": {
    "words": [
      "terrorist"
    ],
    "ascii": "୧༼ಠ益ಠ༽︻╦╤─"
  },
  "thanks": {
    "words": [
      "thanks",
      "thankyou",
      "ty"
    ],
    "ascii": "\\(^-^)/"
  },
  "therefore": {
    "words": [
      "therefore",
      "so"
    ],
    "ascii": "⸫"
  },
  "thisis": {
    "words": [
      "this"
    ],
    "ascii": "( ͡° ͜ʖ ͡°)_/¯"
  },
  "threeeights": {
    "words": [
      "3/8"
    ],
    "ascii": "⅜"
  },
  "tiefighter": {
    "words": [
      "tiefighter"
    ],
    "ascii": "|=-(¤)-=|"
  },
  "tired": {
    "words": [
      "tired"
    ],
    "ascii": "(=____=)"
  },
  "toldyouso": {
    "words": [
      "toldyouso",
      "toldyou"
    ],
    "ascii": "☜(꒡⌓꒡)"
  },
  "toogood": {
    "words": [
      "toogood"
    ],
    "ascii": "ᕦ(òᴥó)ᕥ"
  },
  "trademark": {
    "words": [
      "tm"
    ],
    "ascii": "™"
  },
  "triangle": {
    "words": [
      "triangle",
      "t"
    ],
    "ascii": "▲"
  },
  "twothirds": {
    "words": [
      "2/3"
    ],
    "ascii": "⅔"
  },
  "unflip": {
    "words": [
      "unflip"
    ],
    "ascii": "┬──┬ ノ(ò_óノ)"
  },
  "up": {
    "words": [
      "up"
    ],
    "ascii": "↑"
  },
  "victory": {
    "words": [
      "victory"
    ],
    "ascii": "(๑•̀ㅂ•́)ง✧"
  },
  "wat": {
    "words": [
      "wat"
    ],
    "ascii": "(ÒДÓױ)"
  },
  "wave": {
    "words": [
      "wave"
    ],
    "ascii": "( * ^ *) ノシ"
  },
  "whaa": {
    "words": [
      "whaa"
    ],
    "ascii": "Ö"
  },
  "whistle": {
    "words": [
      "whistle"
    ],
    "ascii": "(っ^з^)♪♬"
  },
  "whoa": {
    "words": [
      "whoa"
    ],
    "ascii": "(°o•)"
  },
  "why": {
    "words": [
      "why"
    ],
    "ascii": "ლ(`◉◞౪◟◉‵ლ)"
  },
  "woo": {
    "words": [
      "woo"
    ],
    "ascii": "＼(＾O＾)／"
  },
  "wtf": {
    "words": [
      "wtf"
    ],
    "ascii": "(⊙＿⊙')"
  },
  "wut": {
    "words": [
      "wut"
    ],
    "ascii": "⊙ω⊙"
  },
  "yay": {
    "words": [
      "yay"
    ],
    "ascii": "\\( ﾟヮﾟ)/"
  },
  "yeah": {
    "words": [
      "yeah",
      "yes"
    ],
    "ascii": "(•̀ᴗ•́)و ̑̑"
  },
  "yen": {
    "words": [
      "yen"
    ],
    "ascii": "¥"
  },
  "yinyang": {
    "words": [
      "yinyang",
      "yy"
    ],
    "ascii": "☯"
  },
  "yolo": {
    "words": [
      "yolo"
    ],
    "ascii": "Yᵒᵘ Oᶰˡʸ Lᶤᵛᵉ Oᶰᶜᵉ"
  },
  "youkids": {
    "words": [
      "youkids",
      "ukids"
    ],
    "ascii": "ლ༼>╭ ͟ʖ╮<༽ლ"
  },
  "yuno": {
    "words": [
      "y u no",
      "yuno"
    ],
    "ascii": "(屮ﾟДﾟ)屮 Y U NO"
  },
  "zen": {
    "words": [
      "zen",
      "meditation",
      "omm"
    ],
    "ascii": "⊹╰(⌣ʟ⌣)╯⊹"
  }
}